Category,Label,2026-Q1,2025-Q4,2025-Q3,2025-Q2,2025-Q1,2024-Q4,2024-Q3,2024-Q2,2024-Q1,2023-Q4,2023-Q3,2023-Q2,2023-Q1,2022-Q4,2022-Q3,2022-Q2,2022-Q1,2021-Q4,2021-Q3,2021-Q2,2021-Q1,2020-Q4,2020-Q3,2020-Q2,2020-Q1,2019-Q4,2018-Q4
0_Period_Header,Period Ending,03/31/26,12/31/25,09/30/25,06/30/25,03/31/25,12/31/24,09/30/24,06/30/24,03/31/24,12/31/23,09/30/23,06/30/23,03/31/23,12/31/22,09/30/22,06/30/22,03/31/22,12/31/21,09/30/21,06/30/21,,,,,,,
1_Income_Statement,Interest Income,367000000.0,421000000.0,464000000.0,365000000.0,296000000.0,302000000.0,280000000.0,291000000.0,260000000.0,242000000.0,257000000.0,239000000.0,214000000.0,173000000.0,134000000.0,80000000.0,61000000.0,69000000.0,69000000.0,73000000.0,65000000.0,63646000.0,51281000.0,41553000.0,25520000.0,,
1_Income_Statement,Interest Expense,8000000.0,10000000.0,8000000.0,8000000.0,6000000.0,6000000.0,6000000.0,6000000.0,6000000.0,6000000.0,6000000.0,5000000.0,6000000.0,6000000.0,6000000.0,6000000.0,6000000.0,6000000.0,6000000.0,5000000.0,3000000.0,1066000.0,875000.0,1555000.0,1504000.0,,
1_Income_Statement,Net Interest Income (Expense),359000000.0,411000000.0,456000000.0,357000000.0,290000000.0,296000000.0,274000000.0,285000000.0,254000000.0,236000000.0,251000000.0,234000000.0,208000000.0,167000000.0,128000000.0,74000000.0,55000000.0,63000000.0,63000000.0,68000000.0,62000000.0,62580000.0,50406000.0,39998000.0,24016000.0,,
1_Income_Statement,Revenue,1067000000.0,1283000000.0,1274000000.0,989000000.0,927000000.0,1014000000.0,637000000.0,682000000.0,618000000.0,471000000.0,467000000.0,486000000.0,441000000.0,380000000.0,361000000.0,318000000.0,299000000.0,363000000.0,365000000.0,565000000.0,522000000.0,316709000.0,269530000.0,244211000.0,127550000.0,,
1_Income_Statement,Revenue - Equities,82000000.0,94000000.0,86000000.0,66000000.0,56000000.0,61000000.0,37000000.0,40000000.0,39000000.0,25000000.0,27000000.0,25000000.0,27000000.0,21000000.0,31000000.0,29000000.0,36000000.0,52000000.0,50000000.0,52000000.0,133000000.0,79987000.0,68818000.0,70606000.0,31589000.0,,
1_Income_Statement,Revenue - Gold Subscription Revenues,50000000.0,,47000000.0,44000000.0,38000000.0,32000000.0,28000000.0,26000000.0,23000000.0,20000000.0,20000000.0,18000000.0,17000000.0,,,,,,,,,,,,,,
1_Income_Statement,Revenue - Options,260000000.0,314000000.0,304000000.0,265000000.0,240000000.0,222000000.0,202000000.0,182000000.0,154000000.0,121000000.0,124000000.0,127000000.0,133000000.0,124000000.0,124000000.0,113000000.0,127000000.0,163000000.0,164000000.0,165000000.0,198000000.0,142323000.0,126769000.0,111148000.0,59760000.0,,
1_Income_Statement,Revenue - Other Transaction Based Revenues,43000000.0,147000000.0,72000000.0,48000000.0,32000000.0,31000000.0,19000000.0,24000000.0,10000000.0,11000000.0,11000000.0,10000000.0,9000000.0,,,,,,,,,,,,,,
1_Income_Statement,Revenue - Proxy Revenues,8000000.0,11000000.0,7000000.0,36000000.0,9000000.0,7000000.0,8000000.0,38000000.0,7000000.0,8000000.0,8000000.0,38000000.0,7000000.0,,,,,,,,,,,,,,
1_Income_Statement,Revenue - Transaction Based Revenues,623000000.0,776000000.0,730000000.0,539000000.0,583000000.0,672000000.0,319000000.0,327000000.0,329000000.0,200000000.0,185000000.0,193000000.0,207000000.0,186000000.0,208000000.0,202000000.0,218000000.0,264000000.0,267000000.0,451000000.0,420000000.0,235149000.0,201807000.0,187413000.0,95631000.0,,
1_Income_Statement,Research & Development,241000000.0,232000000.0,237000000.0,214000000.0,214000000.0,208000000.0,205000000.0,209000000.0,196000000.0,197000000.0,202000000.0,207000000.0,199000000.0,180000000.0,185000000.0,245000000.0,268000000.0,282000000.0,679000000.0,156000000.0,117000000.0,81333000.0,55491000.0,44971000.0,33205000.0,,
1_Income_Statement,Sales & Marketing,107000000.0,93000000.0,102000000.0,99000000.0,105000000.0,82000000.0,59000000.0,64000000.0,67000000.0,43000000.0,28000000.0,25000000.0,26000000.0,29000000.0,19000000.0,23000000.0,32000000.0,42000000.0,87000000.0,94000000.0,102000000.0,33480000.0,39088000.0,43510000.0,69922000.0,,
1_Income_Statement,General & Administrative,174000000.0,178000000.0,185000000.0,132000000.0,133000000.0,70000000.0,133000000.0,134000000.0,118000000.0,133000000.0,230000000.0,159000000.0,647000000.0,197000000.0,233000000.0,226000000.0,268000000.0,332000000.0,790000000.0,112000000.0,137000000.0,108219000.0,113494000.0,38636000.0,34651000.0,,
1_Income_Statement,Other Operating Expenses,38000000.0,37000000.0,33000000.0,29000000.0,31000000.0,29000000.0,27000000.0,28000000.0,28000000.0,-3000000.0,41000000.0,36000000.0,42000000.0,7000000.0,65000000.0,86000000.0,91000000.0,92000000.0,108000000.0,101000000.0,67000000.0,41761000.0,40962000.0,30464000.0,21813000.0,,
1_Income_Statement,"Accounts Receivable, Credit Loss Expense (Reversal)",36000000.0,36000000.0,26000000.0,28000000.0,24000000.0,19000000.0,23000000.0,18000000.0,16000000.0,14000000.0,14000000.0,6000000.0,9000000.0,8000000.0,9000000.0,11000000.0,8000000.0,16000000.0,25000000.0,21000000.0,16000000.0,14661000.0,20406000.0,,,,
1_Income_Statement,Amortization of Intangibles,7000000.0,7000000.0,6000000.0,5000000.0,4000000.0,,,,,5000000.0,5000000.0,,,,,,,,,,,0.0,0.0,,,,
1_Income_Statement,"Floor Brokerage, Exchange and Clearance Fees",60000000.0,57000000.0,56000000.0,48000000.0,50000000.0,50000000.0,39000000.0,40000000.0,35000000.0,32000000.0,39000000.0,39000000.0,36000000.0,85000000.0,33000000.0,30000000.0,31000000.0,35000000.0,44000000.0,38000000.0,41000000.0,33540000.0,31444000.0,28612000.0,20404000.0,,
1_Income_Statement,Impairment Charges,0.0,0.0,0.0,0.0,0.0,,,,,0.0,0.0,,,-2000000.0,,,,0.0,0.0,,,0.0,0.0,,,,
1_Income_Statement,Total Operating Expenses,656000000.0,633000000.0,639000000.0,550000000.0,557000000.0,458000000.0,486000000.0,493000000.0,460000000.0,445000000.0,540000000.0,466000000.0,950000000.0,534000000.0,535000000.0,610000000.0,690000000.0,783000000.0,1708000000.0,501000000.0,464000000.0,298333000.0,280479000.0,186193000.0,179995000.0,,
1_Income_Statement,Operating Income: Other Adjustments,0.0,0.0,0.0,0.0,0.0,0.0,0.0,0.0,0.0,0.0,0.0,0.0,0.0,-28000000.0,0.0,0.0,0.0,0.0,25000000.0,21000000.0,16000000.0,0.0,0.0,0.0,0.0,,
1_Income_Statement,Operating Income,411000000.0,650000000.0,635000000.0,439000000.0,370000000.0,556000000.0,151000000.0,189000000.0,158000000.0,26000000.0,-73000000.0,20000000.0,-509000000.0,-154000000.0,-174000000.0,-292000000.0,-391000000.0,-420000000.0,-1343000000.0,64000000.0,58000000.0,18376000.0,-10949000.0,58018000.0,-52445000.0,,
1_Income_Statement,Other Income / (Expense),0.0,11000000.0,-1000000.0,3000000.0,1000000.0,2000000.0,2000000.0,2000000.0,4000000.0,3000000.0,-2000000.0,2000000.0,0.0,-14000000.0,0.0,-2000000.0,0.0,-1000000.0,1000000.0,0.0,1000000.0,88000.0,-45000.0,100000.0,-143000.0,,
1_Income_Statement,Pretax Income: Other Adjustments,0.0,11000000.0,-1000000.0,3000000.0,1000000.0,2000000.0,2000000.0,2000000.0,4000000.0,3000000.0,-2000000.0,2000000.0,0.0,-14000000.0,0.0,-2000000.0,0.0,-1000000.0,-24000000.0,-528000000.0,-1491000000.0,88000.0,-45000.0,100000.0,-143000.0,,
1_Income_Statement,Pretax Income,411000000.0,661000000.0,634000000.0,442000000.0,371000000.0,558000000.0,153000000.0,191000000.0,162000000.0,29000000.0,-75000000.0,22000000.0,-509000000.0,-168000000.0,-174000000.0,-294000000.0,-391000000.0,-421000000.0,-1367000000.0,-464000000.0,-1433000000.0,18464000.0,-10994000.0,58118000.0,-52588000.0,,
1_Income_Statement,Income Tax Expense,65000000.0,56000000.0,78000000.0,56000000.0,35000000.0,-358000000.0,3000000.0,3000000.0,5000000.0,-1000000.0,10000000.0,-3000000.0,2000000.0,-2000000.0,1000000.0,1000000.0,1000000.0,2000000.0,-50000000.0,38000000.0,12000000.0,5885000.0,-333000.0,534000.0,-86000.0,,
1_Income_Statement,Net Income: Other Adjustments,4000000.0,0.0,0.0,0.0,0.0,0.0,0.0,0.0,0.0,0.0,0.0,0.0,0.0,0.0,0.0,0.0,0.0,0.0,0.0,0.0,0.0,0.0,0.0,0.0,0.0,,
1_Income_Statement,Net Income,350000000.0,605000000.0,556000000.0,386000000.0,336000000.0,916000000.0,150000000.0,188000000.0,157000000.0,30000000.0,-85000000.0,25000000.0,-511000000.0,-166000000.0,-175000000.0,-295000000.0,-392000000.0,-423000000.0,-1317000000.0,-502000000.0,-1445000000.0,12579000.0,-10661000.0,57584000.0,-52502000.0,,
1_Income_Statement,EPS Basic,0.39,0.6809191041115158,0.63,0.44,0.38,1.0395940564074384,0.17,0.21,0.18,0.033675413459065294,-0.09,0.03,-0.57,-0.1889304889039394,-0.2,-0.34,-0.45,-0.8590904945008155,-2.06,-0.7200000000000001,-2.0866666666666664,0.018573778754666894,-0.016666666666666666,0.1,-0.0777491528149351,,
1_Income_Statement,EPS Diluted,0.38,0.6584805769007326,0.61,0.42,0.37,1.0108461764209262,0.17,0.21,0.18,0.033675413459065294,-0.09,0.03,-0.57,-0.1889304889039394,-0.2,-0.34,-0.45,-0.8590904945008155,-2.06,-0.7200000000000001,-2.0866666666666664,0.017114468175472956,-0.016666666666666666,0.09,-0.07162478321453519,,
1_Income_Statement,Shares Outstanding Basic,899154939.0,888504958.0,889261220.0,882149402.0,884577603.0,881113156.0,884108545.0,881076624.0,875319407.0,890857659.0,895108790.0,904984863.0,896924695.0,878630024.0,882356575.0,874873301.0,867769168.0,492381190.0,638168188.0,696669057.0,692056392.0,677245065.0,677992332.0,675274239.0,675274239.0,664993830.0,664993830.0
1_Income_Statement,Shares Outstanding Diluted,915038823.0,918781846.0,917940660.0,909127658.0,909241619.0,906171504.0,905544750.0,904490572.0,895779155.0,890857659.0,895108790.0,921269749.0,896924695.0,878630024.0,882356575.0,874873301.0,867769168.0,492381190.0,638168188.0,696669057.0,692056392.0,734992164.0,677992332.0,733014435.0,733014435.0,664993830.0,664993830.0
2_Balance_Sheet,Cash & Equivalents,5012000000.0,4261000000.0,4331000000.0,4162000000.0,4416000000.0,8695000000.0,4611000000.0,4524000000.0,4717000000.0,4835000000.0,4889000000.0,5829000000.0,5459000000.0,9357000000.0,6187000000.0,5962000000.0,6191000000.0,10270000000.0,6167000000.0,5078000000.0,4795000000.0,6190000000.0,2023654000.0,794482000.0,,644050000.0,
2_Balance_Sheet,Securities Segregated,10874000000.0,5749000000.0,8443000000.0,8939000000.0,4442000000.0,4724000000.0,5547000000.0,,,4448000000.0,,,,,,,,,,,,,,,,,
2_Balance_Sheet,"Deposits with Clearing Organizations and Others, Securities",694000000.0,702000000.0,1440000000.0,720000000.0,641000000.0,489000000.0,464000000.0,551000000.0,585000000.0,338000000.0,275000000.0,223000000.0,247000000.0,186000000.0,201000000.0,289000000.0,294000000.0,328000000.0,316221000.0,272204000.0,,225514000.0,,,,,
2_Balance_Sheet,Marketable debt securities,,,,,,,,,,,0.0,0.0,1000000.0,10000000.0,32000000.0,46000000.0,40000000.0,27000000.0,,,,0.0,,,,,
2_Balance_Sheet,"Debt Securities, Held-to-Maturity, Excluding Accrued Interest, after Allowance for Credit Loss, Current",,0.0,53000000.0,134000000.0,192000000.0,398000000.0,527000000.0,503000000.0,495000000.0,413000000.0,372000000.0,321000000.0,290000000.0,0.0,,,,,,,,,,,,,
2_Balance_Sheet,"Contract with Customer, Receivable, after Allowance for Credit Loss, Current",18115000000.0,17994000000.0,14390000000.0,9685000000.0,9167000000.0,8239000000.0,5546000000.0,5040000000.0,4303000000.0,3495000000.0,3704000000.0,3313000000.0,3152000000.0,3218000000.0,4046000000.0,4146000000.0,5215000000.0,6639000000.0,6099497000.0,5423643000.0,,3354142000.0,,,,,
2_Balance_Sheet,Securities Borrowed,3355000000.0,2408000000.0,6607000000.0,6159000000.0,4114000000.0,3236000000.0,3704000000.0,2217000000.0,2107000000.0,1602000000.0,1204000000.0,960000000.0,844000000.0,517000000.0,139000000.0,65600000.0,600000.0,0.0,879000.0,754000.0,,372000.0,,,,,
2_Balance_Sheet,"User-Held Fractional Shares, Amount",3819000000.0,3782000000.0,3618000000.0,3083000000.0,2531000000.0,2530000000.0,2201000000.0,2011000000.0,1975000000.0,1592000000.0,1396000000.0,1409000000.0,1217000000.0,997000000.0,1029000000.0,1297000000.0,1929000000.0,1834000000.0,,,,802483000.0,,,,,
2_Balance_Sheet,Receivables from Brokers & Dealers,484000000.0,426000000.0,482000000.0,374000000.0,267000000.0,471000000.0,139000000.0,149000000.0,207000000.0,89000000.0,63000000.0,117000000.0,112000000.0,76000000.0,75000000.0,89000000.0,124000000.0,88000000.0,124962000.0,209792000.0,,124501000.0,,,,,
2_Balance_Sheet,Total Current Assets,43413000000.0,36305000000.0,39979000000.0,33833000000.0,26215000000.0,25103000000.0,42605000000.0,40706000000.0,45545000000.0,17082000000.0,25739000000.0,28106000000.0,27188000000.0,22917000000.0,24145000000.0,24045000000.0,18355000000.0,19283000000.0,18849696000.0,17900887000.0,,10872584000.0,,,,,
2_Balance_Sheet,"Property, Plant & Equipment",162000000.0,154000000.0,150000000.0,149000000.0,140000000.0,139000000.0,133000000.0,123000000.0,122000000.0,120000000.0,123000000.0,131000000.0,137000000.0,146000000.0,151000000.0,170000000.0,166000000.0,146000000.0,114666000.0,71078000.0,,45834000.0,,,,,
2_Balance_Sheet,Operating Lease ROU Asset,181000000.0,182000000.0,95000000.0,99000000.0,98000000.0,94000000.0,63000000.0,66000000.0,70000000.0,68000000.0,76000000.0,84000000.0,87000000.0,92000000.0,100000000.0,128000000.0,155000000.0,129000000.0,158100000.0,74700000.0,,49200000.0,,,,,
2_Balance_Sheet,Other Non-Current Assets,773000000.0,697000000.0,405000000.0,501000000.0,523000000.0,533000000.0,130000000.0,132000000.0,190000000.0,107000000.0,118000000.0,131000000.0,131000000.0,132000000.0,29000000.0,16000000.0,5000000.0,161000000.0,198442000.0,99344000.0,,62507000.0,,,,,
2_Balance_Sheet,Intangible Assets (Net),203000000.0,168000000.0,172000000.0,191000000.0,109000000.0,38000000.0,39000000.0,45000000.0,46000000.0,48000000.0,53000000.0,21000000.0,23000000.0,25000000.0,27000000.0,30000000.0,32000000.0,34000000.0,35227000.0,,,185000.0,,,,,
2_Balance_Sheet,Goodwill,401000000.0,385000000.0,386000000.0,383000000.0,292000000.0,179000000.0,179000000.0,179000000.0,175000000.0,175000000.0,164000000.0,100000000.0,100000000.0,100000000.0,100000000.0,100000000.0,100000000.0,101000000.0,95564000.0,,,0.0,,,,,
2_Balance_Sheet,Total Assets,45474000000.0,38137000000.0,41452000000.0,35324000000.0,27517000000.0,26187000000.0,43245000000.0,41346000000.0,46088000000.0,17624000000.0,26318000000.0,28660000000.0,27785000000.0,23337000000.0,24601000000.0,24548000000.0,18872000000.0,19769000000.0,19317368000.0,18088582000.0,,10988474000.0,,,,-94823000.0,
2_Balance_Sheet,Accounts Payable,522000000.0,463000000.0,399000000.0,369000000.0,319000000.0,397000000.0,443000000.0,386000000.0,351000000.0,384000000.0,373000000.0,236000000.0,203000000.0,185000000.0,203000000.0,243000000.0,249000000.0,252000000.0,237147000.0,292851000.0,,104649000.0,,,,,
2_Balance_Sheet,Securities Loaned,13387000000.0,11626000000.0,15666000000.0,12640000000.0,9098000000.0,7463000000.0,7306000000.0,5091000000.0,4215000000.0,3547000000.0,3245000000.0,2982000000.0,2609000000.0,1834000000.0,1423000000.0,1367000000.0,2151000000.0,3651000000.0,3129650000.0,2642900000.0,,1921118000.0,,,,,
2_Balance_Sheet,Fractional Shares Repurchase Obligation Amount,3819000000.0,3782000000.0,3618000000.0,3083000000.0,2531000000.0,2530000000.0,2201000000.0,2011000000.0,1975000000.0,1592000000.0,1396000000.0,1409000000.0,1217000000.0,997000000.0,1029000000.0,1297000000.0,1929000000.0,1834000000.0,,,,802483000.0,,,,,
2_Balance_Sheet,Deferred Revenue,16780000000.0,11986000000.0,12317000000.0,10511000000.0,7116000000.0,7448000000.0,6264000000.0,5789000000.0,6074000000.0,5097000000.0,4325000000.0,5111000000.0,4986000000.0,4701000000.0,5396000000.0,5795000000.0,7149000000.0,6476000000.0,6811169000.0,7768181000.0,,5897242000.0,,,,954000.0,
2_Balance_Sheet,Operating Lease Liability (Current),21000000.0,22000000.0,22000000.0,22000000.0,22000000.0,21000000.0,22000000.0,21000000.0,21000000.0,20000000.0,20000000.0,22000000.0,23000000.0,21000000.0,22000000.0,22000000.0,23000000.0,22000000.0,20200000.0,12800000.0,,6100000.0,,,,,
2_Balance_Sheet,Short-term Borrowings,,,,,,,94000000.0,16000000.0,,,,,,,,,,,,,,,,,,,
2_Balance_Sheet,Total Current Liabilities,35554000000.0,28771000000.0,32762000000.0,27122000000.0,19431000000.0,18104000000.0,35958000000.0,34140000000.0,39113000000.0,10837000000.0,19648000000.0,21356000000.0,20617000000.0,16253000000.0,17509000000.0,17399000000.0,11581000000.0,12347000000.0,11798418000.0,12240276000.0,,8816045000.0,,,,,
2_Balance_Sheet,Convertible Debt,,,,,,,,,,,,,,,,,,,,5189783000.0,,0.0,,,,,
2_Balance_Sheet,Other Non-Current Liabilities,232000000.0,215000000.0,123000000.0,130000000.0,133000000.0,111000000.0,79000000.0,84000000.0,90000000.0,74000000.0,96000000.0,117000000.0,122000000.0,128000000.0,138000000.0,132000000.0,160000000.0,129000000.0,134368000.0,463548000.0,,48012000.0,,,,2177000.0,
2_Balance_Sheet,Operating Lease Liability (Non-current),202000000.0,199000000.0,108000000.0,112000000.0,113000000.0,110000000.0,78000000.0,84000000.0,89000000.0,89000000.0,95000000.0,116000000.0,120000000.0,127000000.0,138000000.0,132000000.0,160000000.0,129000000.0,134300000.0,73900000.0,,48000000.0,,,,,
2_Balance_Sheet,Total Liabilities,35786000000.0,28986000000.0,32885000000.0,27252000000.0,19564000000.0,18215000000.0,36037000000.0,34224000000.0,39203000000.0,10928000000.0,19744000000.0,21473000000.0,20739000000.0,16381000000.0,17647000000.0,17531000000.0,11741000000.0,12476000000.0,11932786000.0,17893607000.0,,8864057000.0,,,,2177000.0,
2_Balance_Sheet,Common Stock,,,,,,,,,,,,,,,,,,86000.0,0.0,1000.0,,1000.0,,,,,
2_Balance_Sheet,Additional Paid-In Capital,11119000000.0,11284000000.0,11317000000.0,11378000000.0,11652000000.0,12008000000.0,12158000000.0,12223000000.0,12176000000.0,12145000000.0,12054000000.0,12581000000.0,12462000000.0,11861000000.0,11694000000.0,11581000000.0,11400000000.0,11169000000.0,10837381000.0,151281000.0,,134307000.0,,,,,
2_Balance_Sheet,Comprehensive Income,2000000.0,8000000.0,7000000.0,7000000.0,0.0,-1000000.0,1000000.0,0.0,-2000000.0,-3000000.0,-4000000.0,-3000000.0,,0.0,-1000000.0,0.0,0.0,1000000.0,383000.0,525000.0,,473000.0,,,,,
2_Balance_Sheet,Retained Earnings,-1802000000.0,-2152000000.0,-2757000000.0,-3313000000.0,-3699000000.0,-4035000000.0,-4951000000.0,-5101000000.0,-5289000000.0,-5446000000.0,-5476000000.0,-5391000000.0,-5416000000.0,-4905000000.0,-4739000000.0,-4564000000.0,-4269000000.0,-3877000000.0,-3453268000.0,-2136571000.0,,-190103000.0,,,,,
2_Balance_Sheet,"Equity, Attributable to Noncontrolling Interest",369000000.0,11000000.0,,,,0.0,,,,,,,,,,,,,,,,,,,,,
2_Balance_Sheet,Total Equity,9688000000.0,9151000000.0,8567000000.0,8072000000.0,7953000000.0,7972000000.0,7208000000.0,7122000000.0,6885000000.0,6696000000.0,6574000000.0,7187000000.0,7046000000.0,6956000000.0,6954000000.0,7017000000.0,7131000000.0,7293000000.0,7384000000.0,-1985000000.0,-1485000000.0,-55000000.0,-92615000.0,-86949000.0,-146791000.0,-97000000.0,-21482000.0
3_Cash_Flow,Net Income (CF),350000000.0,605000000.0,556000000.0,386000000.0,336000000.0,916000000.0,150000000.0,188000000.0,157000000.0,30000000.0,-85000000.0,25000000.0,-511000000.0,-166000000.0,-175000000.0,-295000000.0,-392000000.0,-423000000.0,-1317000000.0,-502000000.0,-1445000000.0,12579000.0,-10661000.0,57584000.0,-52502000.0,-106569000.0,
3_Cash_Flow,Amortization of Intangibles (CF),7000000.0,7000000.0,6000000.0,5000000.0,4000000.0,20000000.0,,,,5000000.0,5000000.0,,,9000000.0,,,,3000000.0,,,,0.0,0.0,,,,
3_Cash_Flow,Depreciation & Amortization,23000000.0,23000000.0,6000000.0,5000000.0,20000000.0,22000000.0,20000000.0,18000000.0,17000000.0,17000000.0,5000000.0,15000000.0,20000000.0,17000000.0,15000000.0,17000000.0,12000000.0,9000000.0,4100000.0,3400000.0,4000000.0,3428000.0,1600000.0,1300000.0,2613000.0,5444000.0,
3_Cash_Flow,Stock-Based Compensation,92000000.0,76000000.0,78000000.0,78000000.0,73000000.0,77000000.0,79000000.0,86000000.0,62000000.0,81000000.0,83000000.0,109000000.0,598000000.0,160000000.0,110000000.0,164000000.0,220000000.0,318000000.0,1244000000.0,1000000.0,9000000.0,18652000.0,1571000.0,1365000.0,2412000.0,26667000.0,
3_Cash_Flow,Deferred Income Taxes,34000000.0,181000000.0,,,0.0,-369000000.0,,,,0.0,,,,0.0,,,,-3001000.0,,1000.0,,-912000.0,,-88000.0,,-665000.0,
3_Cash_Flow,"Adjustment to Reconcile Net Income to Cash Provided by (Used in) Operating Activity, Other Item",3000000.0,-10000000.0,5000000.0,4000000.0,4000000.0,0.0,1000000.0,-1000000.0,0.0,35000000.0,-27000000.0,-5000000.0,5000000.0,27000000.0,8000000.0,,0.0,-1000000.0,0.0,0.0,,-343000.0,2324000.0,19000.0,,169000.0,
3_Cash_Flow,Change in Deferred Revenue,5000000.0,0.0,7000000.0,7000000.0,32000000.0,2000000.0,1000000.0,3000000.0,1000000.0,0.0,1000000.0,0.0,0.0,0.0,-1000000.0,1000000.0,0.0,-238000.0,-307000.0,1545000.0,,1106000.0,,,,,
3_Cash_Flow,Change in AR,44000000.0,3292000000.0,4514000000.0,389000000.0,911000000.0,2621000000.0,433000000.0,742000000.0,796000000.0,-204000000.0,391000000.0,168000000.0,-57000000.0,-821000000.0,-92000000.0,-1056000000.0,-1417000000.0,557000000.0,701000000.0,75000000.0,2029000000.0,1109202000.0,893217000.0,769581000.0,,64711000.0,
3_Cash_Flow,Change in Prepaid & Other Assets,-138000000.0,589000000.0,-86000000.0,0.0,-351000000.0,404000000.0,-117000000.0,45000000.0,83000000.0,28000000.0,-62000000.0,44000000.0,8000000.0,31000000.0,-14000000.0,-15000000.0,24000000.0,825000000.0,-10000000.0,-145000000.0,-616000000.0,-493103000.0,382851000.0,156252000.0,,47758000.0,
3_Cash_Flow,Change in AP,-69000000.0,57000000.0,37000000.0,12000000.0,-124000000.0,-63000000.0,54000000.0,20000000.0,-46000000.0,-11000000.0,94000000.0,33000000.0,18000000.0,-17000000.0,-38000000.0,-5000000.0,-2000000.0,16000000.0,-64000000.0,56000000.0,126000000.0,-42398000.0,91150000.0,18248000.0,,13895000.0,
3_Cash_Flow,Increase (Decrease) in Securities Loaned Transactions,1761000000.0,-4040000000.0,3026000000.0,3542000000.0,1635000000.0,157000000.0,2215000000.0,876000000.0,668000000.0,302000000.0,263000000.0,373000000.0,775000000.0,411000000.0,56000000.0,-784000000.0,-1500000000.0,521000000.0,487000000.0,612000000.0,110000000.0,759096000.0,396436000.0,91468000.0,,674029000.0,
3_Cash_Flow,Change in Other Liabilities,47000000.0,55000000.0,97000000.0,14000000.0,62000000.0,15000000.0,-19000000.0,-64000000.0,41000000.0,40000000.0,6000000.0,-3000000.0,2000000.0,8000000.0,-12000000.0,-28000000.0,1000000.0,948000000.0,-39000000.0,-94000000.0,-693000000.0,-453004000.0,381798000.0,159206000.0,,39621000.0,
3_Cash_Flow,Other Operating Adjustments (Net),-309000000.0,5990000000.0,-966000000.0,-155000000.0,-840000000.0,848000000.0,-373000000.0,-285000000.0,-644000000.0,285000000.0,-993000000.0,35000000.0,-128000000.0,-1058000000.0,-276000000.0,-1404000000.0,705000000.0,-280761000.0,-632793000.0,2133054000.0,1420000000.0,664347000.0,-121765000.0,2659894000.0,,719963000.0,
3_Cash_Flow,Operating Cash Flow,2038000000.0,-937000000.0,-1576000000.0,3509000000.0,642000000.0,-1400000000.0,1812000000.0,54000000.0,-623000000.0,960000000.0,-977000000.0,370000000.0,828000000.0,181000000.0,-207000000.0,-1263000000.0,437000000.0,-275000000.0,-1009000000.0,2281000000.0,-1882000000.0,346452000.0,-533615000.0,2063163000.0,,1260085000.0,
3_Cash_Flow,Capital Expenditures,9000000.0,11000000.0,9000000.0,10000000.0,9000000.0,11000000.0,12000000.0,7000000.0,7000000.0,5000000.0,5000000.0,4000000.0,5000000.0,3000000.0,6000000.0,6000000.0,13000000.0,17000000.0,24000000.0,13000000.0,9000000.0,6418000.0,17582000.0,4573000.0,,7255000.0,
3_Cash_Flow,Capital Expenditures (Software),9000000.0,11000000.0,9000000.0,10000000.0,9000000.0,11000000.0,12000000.0,7000000.0,7000000.0,5000000.0,5000000.0,4000000.0,5000000.0,7000000.0,8000000.0,6000000.0,8000000.0,7000000.0,7000000.0,4000000.0,2000000.0,2292000.0,1135000.0,4573000.0,,5198000.0,
3_Cash_Flow,Acquisitions,71000000.0,224000000.0,,,175000000.0,128000000.0,0.0,6000000.0,0.0,17000000.0,90000000.0,0.0,,0.0,0.0,,,6000000.0,119000000.0,,,0.0,0.0,,,0.0,
3_Cash_Flow,"Asset Acquisition, Consideration Transferred",,,0.0,0.0,0.0,0.0,0.0,0.0,3000000.0,0.0,0.0,0.0,0.0,0.0,,,,,,,,,,,,,
3_Cash_Flow,Purchases of Investments,92000000.0,244000000.0,,,0.0,1000000.0,,,,,,,,1000000.0,,13000000.0,14000000.0,,,,,0.0,,,,0.0,
3_Cash_Flow,Proceeds From Purchases Of Credit Card Receivables,2399000000.0,1914000000.0,1180000000.0,835000000.0,511000000.0,426000000.0,82000000.0,37000000.0,11000000.0,0.0,0.0,0.0,0.0,0.0,,,,,,,,,,,,,
3_Cash_Flow,Proceeds from Investments,,,,,,0.0,,,0.0,0.0,0.0,1000000.0,9000000.0,23000000.0,14000000.0,4000000.0,1000000.0,0.0,,,,,,,,,
3_Cash_Flow,Divestitures,18000000.0,0.0,0.0,1168000000.0,25000000.0,125000000.0,0.0,0.0,,14000000.0,,,,,,,,,,,,,,,,,
3_Cash_Flow,Proceeds from Asset Sales,,-10000000.0,2000000.0,8000000.0,,-1000000.0,0.0,-1000000.0,,0.0,0.0,-10000000.0,,1000000.0,14000000.0,5000000.0,,1000000.0,2000000.0,0.0,,0.0,0.0,,,-141000.0,
3_Cash_Flow,"Payment for Contingent Consideration Liability, Investing Activities",,,0.0,399000000.0,,,0.0,6000000.0,,,,,,,,,,,,,,,,,,,
3_Cash_Flow,Other Investing Adjustments (Net),-2529000000.0,-1983000000.0,-1315000000.0,-770000000.0,-343000000.0,-376000000.0,-193000000.0,-29000000.0,-48000000.0,0.0,-7000000.0,8000000.0,-490000000.0,-9000000.0,-33000000.0,-16000000.0,-8000000.0,-36000000.0,-11000000.0,-4000000.0,-2000000.0,-2292000.0,10554000.0,-11689000.0,,-4916000.0,
3_Cash_Flow,Investing Cash Flow,-284000000.0,-558000000.0,-142000000.0,832000000.0,9000000.0,34000000.0,-123000000.0,-12000000.0,-47000000.0,-3000000.0,-97000000.0,-1000000.0,-481000000.0,11000000.0,-11000000.0,-26000000.0,-34000000.0,-58000000.0,-152000000.0,-17000000.0,-11000000.0,-8710000.0,-7028000.0,-16262000.0,,-12312000.0,
3_Cash_Flow,Long-term Debt Issued,117000000.0,223000000.0,141000000.0,80000000.0,24000000.0,37000000.0,78000000.0,0.0,17000000.0,0.0,0.0,0.0,0.0,0.0,,,,,,,,,,,,,
3_Cash_Flow,Long-term Debt Repaid,15000000.0,0.0,0.0,0.0,0.0,0.0,0.0,1000000.0,,0.0,0.0,0.0,,0.0,,,,,,,,,,,,,
3_Cash_Flow,Net Long-Term Debt Issued (Repaid),102000000.0,223000000.0,141000000.0,80000000.0,24000000.0,37000000.0,78000000.0,-1000000.0,17000000.0,0.0,0.0,0.0,0.0,0.0,,,,,,,,,,,,,
3_Cash_Flow,Total Debt Issued,117000000.0,2051000000.0,2700000000.0,80000000.0,24000000.0,37000000.0,78000000.0,-6000000.0,17000000.0,0.0,10000000.0,10000000.0,0.0,0.0,10000000.0,0.0,11000000.0,10000000.0,610000000.0,348000000.0,1000000000.0,300000.0,30000000.0,907700000.0,,137000000.0,
3_Cash_Flow,Total Debt Repaid,15000000.0,2051000000.0,2700000000.0,1000000.0,0.0,10000000.0,1000000.0,11000000.0,,0.0,10000000.0,10000000.0,0.0,0.0,10000000.0,0.0,11000000.0,10000000.0,610000000.0,348000000.0,1000000000.0,300000.0,45000000.0,892700000.0,,137000000.0,
3_Cash_Flow,Total Net Debt Issued (Repaid),102000000.0,0.0,0.0,79000000.0,24000000.0,27000000.0,77000000.0,-17000000.0,17000000.0,0.0,0.0,0.0,0.0,0.0,0.0,0.0,0.0,0.0,0.0,0.0,0.0,0.0,-15000000.0,15000000.0,,0.0,
3_Cash_Flow,Proceeds from Issuance Initial Public Offering,312000000.0,,,,0.0,,,,,0.0,,,,0.0,0.0,,,-6000000.0,2058000000.0,,,0.0,0.0,,,0.0,
3_Cash_Flow,Shares Issued (Stock Plans),2000000.0,-9000000.0,3000000.0,15000000.0,7000000.0,2000000.0,2000000.0,10000000.0,4000000.0,-5000000.0,0.0,9000000.0,1000000.0,-11000000.0,1000000.0,13000000.0,3000000.0,2000000.0,5000000.0,1000000.0,6000000.0,5413000.0,3003000.0,584000.0,,2617000.0,
3_Cash_Flow,Share Repurchases,250000000.0,100000000.0,107000000.0,124000000.0,322000000.0,160000000.0,97000000.0,0.0,0.0,,611000000.0,,,0.0,0.0,,,0.0,,,,,0.0,875000.0,,,
3_Cash_Flow,Taxes Paid on Stock Awards,13000000.0,24000000.0,41000000.0,252000000.0,120000000.0,89000000.0,56000000.0,59000000.0,40000000.0,3000000.0,4000000.0,3000000.0,2000000.0,3000000.0,2000000.0,4000000.0,3000000.0,10000000.0,412000000.0,0.0,0.0,0.0,0.0,,,0.0,
3_Cash_Flow,Net Shares Issued (Repurchased),-250000000.0,-100000000.0,-107000000.0,-124000000.0,-322000000.0,-160000000.0,-97000000.0,0.0,0.0,3000000.0,-611000000.0,,,0.0,0.0,,,0.0,,,,,0.0,-875000.0,,,
3_Cash_Flow,"Change In Customer Funds, Restricted From Use In Operations",-2000000.0,0.0,-1000000.0,-9000000.0,10000000.0,21000000.0,-22000000.0,4000000.0,3000000.0,4000000.0,-3000000.0,0.0,0.0,0.0,0.0,,,0.0,,,,,,,,,
3_Cash_Flow,Proceeds from Noncontrolling Interests,41000000.0,11000000.0,,,0.0,0.0,,,,0.0,,,,,,,,,,,,,,,,,
3_Cash_Flow,Other Financing Adjustments (Net),-10000000.0,231000000.0,144000000.0,20000000.0,-9000000.0,23000000.0,3000000.0,30000000.0,-10000000.0,8000000.0,3000000.0,10000000.0,-9000000.0,3000000.0,1000000.0,5000000.0,3000000.0,9000000.0,5000000.0,1000000.0,3558000000.0,5063000.0,713056000.0,558756000.0,,375350000.0,
3_Cash_Flow,Financing Cash Flow,180000000.0,118000000.0,-5000000.0,-286000000.0,-417000000.0,-178000000.0,-95000000.0,-42000000.0,-30000000.0,9000000.0,-615000000.0,7000000.0,-11000000.0,0.0,-1000000.0,1000000.0,0.0,-7000000.0,1651000000.0,1000000.0,3558000000.0,5063000.0,698056000.0,572881000.0,,375350000.0,
3_Cash_Flow,Net Cash Flow,1934000000.0,-1377000000.0,-1723000000.0,4055000000.0,234000000.0,-1544000000.0,1594000000.0,0.0,-700000000.0,966000000.0,-1689000000.0,376000000.0,336000000.0,192000000.0,-219000000.0,-1288000000.0,403000000.0,-340000000.0,490000000.0,2265000000.0,1665000000.0,342805000.0,157413000.0,2619782000.0,,1623123000.0,
3_Cash_Flow,FX Effect on Cash,-6000000.0,1000000.0,0.0,7000000.0,1000000.0,-2000000.0,1000000.0,0.0,0.0,0.0,0.0,0.0,0.0,1000000.0,-2000000.0,0.0,0.0,0.0,-52000.0,52000.0,,-20000.0,194000.0,-174000.0,,179000.0,
3_Cash_Flow,Cash Interest Paid,15000000.0,11000000.0,8000000.0,3000000.0,9000000.0,4000000.0,4000000.0,1000000.0,7000000.0,4000000.0,2000000.0,3000000.0,3000000.0,6000000.0,0.0,3000000.0,3000000.0,6000000.0,3000000.0,2000000.0,1000000.0,302000.0,116000.0,2582000.0,,621000.0,
3_Cash_Flow,"Income Taxes Paid, Net",70000000.0,12000000.0,1000000.0,53000000.0,29000000.0,4000000.0,8000000.0,4000000.0,2000000.0,0.0,7000000.0,2000000.0,0.0,0.0,1000000.0,2000000.0,1000000.0,3000000.0,0.0,0.0,3000000.0,3161000.0,2422000.0,417000.0,,1396000.0,
4a_Segments_Business,Revenue - Cryptocurrencies,134000000.0,221000000.0,268000000.0,160000000.0,252000000.0,358000000.0,61000000.0,81000000.0,126000000.0,43000000.0,23000000.0,31000000.0,38000000.0,39000000.0,51000000.0,58000000.0,54000000.0,48000000.0,51000000.0,233000000.0,88000000.0,12160000.0,5282000.0,5320000.0,4238000.0,,
4a_Segments_Business,Revenue - Event Contracts,104000000.0,,,,3000000.0,,,,,,,,,,,,,,,,,,,,,,
4a_Segments_Business,Revenue - Financial Service Other,85000000.0,96000000.0,88000000.0,93000000.0,54000000.0,46000000.0,44000000.0,70000000.0,35000000.0,35000000.0,31000000.0,59000000.0,26000000.0,115000000.0,2000000.0,2000000.0,1000000.0,153000000.0,2000000.0,1000000.0,1000000.0,679000.0,938000.0,339000.0,44000.0,,
4a_Segments_Business,Revenue - Other,27000000.0,35000000.0,34000000.0,13000000.0,7000000.0,7000000.0,8000000.0,6000000.0,5000000.0,7000000.0,3000000.0,3000000.0,2000000.0,,,,,,,,,,,,,,
4a_Segments_Business,Operating Measure - Cryptocurrencies,30500000000.0,-81500000000.0,51100000000.0,41100000000.0,27500000000.0,-31200000000.0,19500000000.0,20700000000.0,26200000000.0,-18500000000.0,10200000000.0,11500000000.0,11500000000.0,-29300000000.0,9400000000.0,8600000000.0,19700000000.0,,,,,,,,,,
4a_Segments_Business,Operating Measure - Beginning Total Platform Assets,322100000000.0,,278600000000.0,220600000000.0,192900000000.0,-269300000000.0,139700000000.0,129600000000.0,102600000000.0,-167200000000.0,88800000000.0,78400000000.0,62200000000.0,-157300000000.0,64200000000.0,93100000000.0,98000000000.0,,,,,,,,,,
4a_Segments_Business,Operating Measure - Cash held by Customers,41600000000.0,-78700000000.0,46300000000.0,41800000000.0,34000000000.0,-48700000000.0,30600000000.0,26600000000.0,24800000000.0,-28100000000.0,18000000000.0,17200000000.0,14200000000.0,,,,,,,,,,,,,,
4a_Segments_Business,Operating Measure - Ending Total Platform Assets,307300000000.0,,332700000000.0,278600000000.0,220600000000.0,-228600000000.0,152200000000.0,139700000000.0,129600000000.0,-151100000000.0,86500000000.0,88800000000.0,78400000000.0,-159700000000.0,64599999999.99999,64200000000.0,93100000000.0,,,,,,,,,,
4a_Segments_Business,Operating Measure - Equities,207500000000.0,-276600000000.0,203000000000.0,160100000000.0,125500000000.0,-153600000000.0,106400000000.0,96300000000.0,81500000000.0,-110100000000.0,61400000000.0,62800000000.0,55300000000.0,-124600000000.0,50700000000.0,51200000000.0,68500000000.0,,,,,,,,,,
4a_Segments_Business,Operating Measure - Net Deposits,17700000000.0,,20400000000.0,13800000000.0,18000000000.0,16100000000.0,10000000000.0,13200000000.0,11200000000.0,4600000000.000002,4000000000.0,4099999999.9999995,4400000000.0,4800000000.0,2700000000.0,5200000000.0,5700000000.0,,,,,,,,,,
4a_Segments_Business,Operating Measure - Net market losses,-32500000000.0,,33700000000.000004,35300000000.0,-33200000000.000004,24600000000.0,2500000000.0,-3100000000.0,15800000000.0,11500000000.0,-6300000000.0,6300000000.0,11800000000.0,-9500000000.0,-2300000000.0,-34100000000.0,-10600000000.0,,,,,,,,,,
4a_Segments_Business,Operating Measure - RIA assets,42600000000.0,-83900000000.0,42200000000.0,42900000000.0,41300000000.0,,,,,,,,,,,,,,,,,,,,,,
4a_Segments_Business,Operating Measure - Options and futures,2000000000.0,-4200000000.0,3900000000.0,2000000000.0,1100000000.0,-1700000000.0,1200000000.0,1100000000.0,1200000000.0,-700000000.0,400000000.0,500000000.0,400000000.0,-1700000000.0,400000000.0,500000000.0,1100000000.0,,,,,,,,,,
5_KPI_Metrics,Efficiency Ratio (%),61.48,49.34,50.16,55.61,60.09,45.17,76.3,72.29,74.43,94.48,115.63,95.88,215.42,140.53,148.2,191.82,230.77,215.7,467.95,88.67,88.89,94.2,104.06,76.24,141.12,,
5_KPI_Metrics,Net Margin (%),32.8,47.16,43.64,39.03,36.25,90.34,23.55,27.57,25.4,6.37,-18.2,5.14,-115.87,-43.68,-48.48,-92.77,-131.1,-116.53,-360.82,-88.85,-276.82,3.97,-3.96,23.58,-41.16,,
5_KPI_Metrics,Metric: EBITDA,434000000.0,673000000.0,641000000.0,444000000.0,390000000.0,578000000.0,171000000.0,207000000.0,175000000.0,43000000.0,-68000000.0,35000000.0,-489000000.0,-137000000.0,-159000000.0,-275000000.0,-379000000.0,-411000000.0,-1338900000.0,67400000.0,62000000.0,21804000.0,-9349000.0,59318000.0,-49832000.0,,
5_KPI_Metrics,Metric: EBITDA Margin %,40.67478912839738,52.4551831644583,50.313971742543174,44.893832153690596,42.07119741100323,57.001972386587774,26.84458398744113,30.35190615835777,28.317152103559874,9.129511677282377,-14.5610278372591,7.20164609053498,-110.88435374149658,-36.05263157894737,-44.04432132963989,-86.47798742138365,-126.75585284280938,-113.22314049586777,-366.82191780821915,11.929203539823009,11.877394636015326,6.884553328134029,-3.4686305791563092,24.289651162314556,-39.06860054880439,,
5_KPI_Metrics,Metric: Free Cash Flow,2029000000.0,-948000000.0,-1585000000.0,3499000000.0,633000000.0,-1411000000.0,1800000000.0,47000000.0,-630000000.0,955000000.0,-982000000.0,366000000.0,823000000.0,178000000.0,-213000000.0,-1269000000.0,424000000.0,-292000000.0,-1033000000.0,2268000000.0,-1891000000.0,340034000.0,-551197000.0,2058590000.0,,1252830000.0,
5_KPI_Metrics,FCF Margin (%),190.1593252108716,-73.88932190179267,-124.41130298273156,353.7917087967644,68.28478964401295,-139.15187376725837,282.574568288854,6.89149560117302,-101.94174757281553,202.76008492569005,-210.27837259100642,75.30864197530865,186.62131519274377,46.8421052631579,-59.0027700831025,-399.05660377358487,141.80602006688963,-80.44077134986226,-283.013698630137,401.4159292035398,-362.2605363984674,107.3648049155534,-204.50302378213928,842.9554770260144,,,
5_KPI_Metrics,Metric: Unlevered Free Cash Flow,2035734793.187348,-938847201.2102875,-1577984227.1293375,3505986425.3393664,638433962.264151,-1405000000.0,1805882352.9411764,52905759.162303664,-624185185.1851852,961000000.0,-976000000.0,371000000.0,829000000.0,184000000.0,-207000000.0,-1263000000.0,430000000.0,-286000000.0,-1027000000.0,2273000000.0,-1888000000.0,340760235.5935875,-550322000.0,2060130712.3438523,,1252830000.0,
5_KPI_Metrics,Metric: Total Debt,223000000.0,221000000.0,130000000.0,134000000.0,135000000.0,131000000.0,194000000.0,121000000.0,110000000.0,109000000.0,115000000.0,138000000.0,143000000.0,148000000.0,160000000.0,154000000.0,183000000.0,151000000.0,154500000.0,5276483000.0,0.0,54100000.0,0.0,0.0,0.0,0.0,0.0
5_KPI_Metrics,Metric: Total Lease Liabilities,223000000.0,221000000.0,130000000.0,134000000.0,135000000.0,131000000.0,100000000.0,105000000.0,110000000.0,109000000.0,115000000.0,138000000.0,143000000.0,148000000.0,160000000.0,154000000.0,183000000.0,151000000.0,154500000.0,86700000.0,,54100000.0,,,,,
5_KPI_Metrics,Metric: Net Cash (Debt),4789000000.0,4040000000.0,4201000000.0,4028000000.0,4281000000.0,8564000000.0,4417000000.0,4403000000.0,4607000000.0,4726000000.0,4774000000.0,5691000000.0,5316000000.0,9209000000.0,6027000000.0,5808000000.0,6008000000.0,10119000000.0,6012500000.0,-198483000.0,4795000000.0,6135900000.0,2023654000.0,794482000.0,0.0,644050000.0,0.0
5_KPI_Metrics,Metric: ROE % (Annualised),14.450867052023122,6.61129931155065,25.960079374343408,19.127849355797817,16.89928328932478,11.490215755143,8.32408435072142,10.558831788823364,9.121278140885984,0.4480286738351254,-5.171889260724064,1.3914011409489355,-29.00936701674709,-2.386428982173663,-10.06614897900489,-16.81630326350292,-21.98850091151311,-5.800082270670506,-71.34344528710726,101.15869017632242,389.2255892255892,-22.87090909090909,46.04437726070291,-264.9093146557177,143.06599178423744,,
5_KPI_Metrics,Metric: Effective Tax Rate %,15.815085158150852,8.472012102874432,12.302839116719243,12.669683257918551,9.433962264150944,-64.15770609318996,1.9607843137254901,1.5706806282722512,3.0864197530864197,-3.4482758620689653,-13.333333333333334,-13.636363636363635,-0.3929273084479371,1.1904761904761905,-0.5747126436781609,-0.3401360544217687,-0.2557544757033248,-0.4750593824228029,3.6576444769568397,-8.189655172413794,-0.8374040474528961,31.87283362218371,3.028924868109878,0.9188203310506212,0.16353540731725869,,
5_KPI_Metrics,Gross Margin (%),100.0,100.0,100.0,100.0,100.0,100.0,100.0,100.0,100.0,100.0,100.0,100.0,100.0,100.0,100.0,100.0,100.0,100.0,100.0,100.0,100.0,100.0,100.0,100.0,100.0,,
5_KPI_Metrics,Operating Margin (%),38.51921274601687,50.66250974279034,49.84301412872841,44.388270980788676,39.91370010787487,54.83234714003945,23.704866562009418,27.712609970674485,25.5663430420712,5.520169851380043,-15.631691648822269,4.11522633744856,-115.41950113378685,-40.526315789473685,-48.199445983379505,-91.82389937106919,-130.76923076923077,-115.70247933884296,-367.94520547945206,11.327433628318584,11.11111111111111,5.802171709676706,-4.06225652060995,23.75732460863761,-41.1172089376715,,
6_Disclosures,Operating Income - Defined Contribution Plan Employer Matching Contribution Percent Of Match,,0.03,,,,0.03,,,,0.03,,,,0.03,,,,0.03,,,,,,,,,
6_Disclosures,Operating Income - Noncontrolling Interest,41000000.0,,,,,,,,,,,,,,,,,,,,,,,,,,
6_Disclosures,Interest Expense - Fully Paid Securities Lending,,,8000000.0,6000000.0,4000000.0,4000000.0,3000000.0,4000000.0,2000000.0,2000000.0,2000000.0,1000000.0,2000000.0,1000000.0,1000000.0,,,,,,,,,,,,
6_Disclosures,Interest Income - Cash Sweep,45000000.0,57000000.0,64000000.0,60000000.0,48000000.0,50000000.0,46000000.0,44000000.0,39000000.0,37000000.0,35000000.0,29000000.0,22000000.0,12000000.0,8000000.0,,,,,,,,,,,,
6_Disclosures,Interest Income - Credit Card,32000000.0,24000000.0,17000000.0,13000000.0,10000000.0,8000000.0,4000000.0,6000000.0,6000000.0,5000000.0,4000000.0,0.0,0.0,0.0,0.0,,,,,,,,,,,,
6_Disclosures,Interest Income - Fully Paid Securities Lending,,,52000000.0,40000000.0,24000000.0,25000000.0,20000000.0,27000000.0,13000000.0,9000000.0,12000000.0,13000000.0,10000000.0,6000000.0,5000000.0,,,,,,,,,,,,
6_Disclosures,Interest Income - Interest On Corporate Cash And Investments,34000000.0,33000000.0,39000000.0,46000000.0,49000000.0,53000000.0,67000000.0,66000000.0,70000000.0,71000000.0,75000000.0,74000000.0,68000000.0,63000000.0,29000000.0,,,,,,,,,,,,
6_Disclosures,Interest Income - Interest On Segregated Cash And Cash Equivalents Securities And Deposits,82000000.0,83000000.0,103000000.0,77000000.0,56000000.0,74000000.0,61000000.0,68000000.0,58000000.0,54000000.0,59000000.0,52000000.0,45000000.0,30000000.0,20000000.0,,,,,,,,,,,,
6_Disclosures,Interest Income - Margin Interest,193000000.0,573000000.0,153000000.0,114000000.0,110000000.0,319000000.0,83000000.0,73000000.0,72000000.0,243000000.0,67000000.0,57000000.0,53000000.0,177000000.0,48000000.0,,,132000000.0,,,,,,,,,
6_Disclosures,Interest Income - Other,1000000.0,2000000.0,1000000.0,1000000.0,0.0,0.0,0.0,0.0,0.0,,,,,,,,,,,,,,,,,,
6_Disclosures,Interest Income - Securities Lending,97000000.0,363000000.0,87000000.0,54000000.0,100000000.0,253000000.0,19000000.0,34000000.0,15000000.0,114000000.0,17000000.0,27000000.0,26000000.0,13000000.0,29000000.0,,,,,,,,,,,,
6_Disclosures,Net Interest Income (Expense) - Fully Paid Securities Lending,,,44000000.0,34000000.0,20000000.0,,17000000.0,23000000.0,11000000.0,,10000000.0,12000000.0,8000000.0,,,,,,,,,,,,,,
6_Disclosures,Net Interest Income (Expense) - Variable Interest Entity Primary Beneficiary,27000000.0,19000000.0,14000000.0,0.0,4000000.0,5000000.0,0.0,0.0,0.0,,,,,,,,,,,,,,,,,,
6_Disclosures,Net Income - Aoci Including Portion Attributable To Noncontrolling Interest,,,,,,,,,,,,,,,,,,0.0,,,,,,,,,
6_Disclosures,Net Income - Retained Earnings,,605000000.0,556000000.0,386000000.0,336000000.0,916000000.0,150000000.0,188000000.0,157000000.0,30000000.0,-85000000.0,25000000.0,-511000000.0,-166000000.0,-175000000.0,-295000000.0,-392000000.0,-423000000.0,-1317000000.0,-502000000.0,-1445000000.0,12579000.0,-10661000.0,57584000.0,-52502000.0,,
6_Disclosures,Net Income (CF) - Retained Earnings,,,,,,,,,,,,,-511000000.0,,,,-392000000.0,,,,,,,,,,
6_Disclosures,Share Repurchases - Additional Paid In Capital,250000000.0,100000000.0,107000000.0,124000000.0,322000000.0,160000000.0,97000000.0,,,0.0,611000000.0,,,,,,,,,,,,,,,,
6_Disclosures,Share Repurchases - Common Stock,3087538.0,831629.0,1016709.0,3001755.0,7168369.0,5343915.0,5012195.0,,,0.0,55273469.0,,,,,,,,,,,,,,,,
6_Disclosures,Shares Issued - Common Stock,,,,,,,,,,,,,,,,,,0.0,56729194.0,,,,,,,,
6_Disclosures,Shares Issued (Stock Plans) - Additional Paid In Capital,,7000000.0,0.0,15000000.0,0.0,6000000.0,0.0,10000000.0,0.0,5000000.0,0.0,9000000.0,0.0,3000000.0,0.0,13000000.0,0.0,,,,,,,,,,
6_Disclosures,Assets - Increase Decrease In Deposit Other Assets,-8000000.0,-738000000.0,720000000.0,79000000.0,152000000.0,25000000.0,-87000000.0,-34000000.0,247000000.0,63000000.0,52000000.0,-24000000.0,61000000.0,-15000000.0,-88000000.0,-5000000.0,-34000000.0,11000000.0,44000000.0,-50000000.0,97000000.0,-18815000.0,8703000.0,,,,
6_Disclosures,Assets - Payments To Acquire Other Productive Assets,9000000.0,2000000.0,3000000.0,8000000.0,2000000.0,4000000.0,7000000.0,0.0,2000000.0,1000000.0,1000000.0,0.0,0.0,,,,,,,,,,,,,,
6_Disclosures,Business Segment Disclosure - Accounts Receivable - Brokerage Related Receivables,6000000.0,9000000.0,5000000.0,6000000.0,10000000.0,7000000.0,6000000.0,8000000.0,2000000.0,5000000.0,7000000.0,6000000.0,7000000.0,,,,,,,,,,,,,,
6_Disclosures,Business Segment Disclosure - Accounts Receivable - Payments To Acquire Receivables,2520000000.0,2278000000.0,1389000000.0,979000000.0,549000000.0,509000000.0,169000000.0,41000000.0,29000000.0,0.0,0.0,0.0,0.0,,,,,,,,,,,,,,
6_Disclosures,Business Segment Disclosure - Accounts Receivable - SVB And Barclays Arragements - Variable Interest Entity Primary Beneficiary,,,,979000000.0,549000000.0,,,,,,,,,,,,,,,,,,,,,,
6_Disclosures,Business Segment Disclosure - Accounts Receivable - SVB Barclays And WF Arrangements - Variable Interest Entity Primary Beneficiary,2500000000.0,2300000000.0,1400000000.0,,,,,,,,,,,,,,,,,,,,,,,,
6_Disclosures,Business Segment Disclosure - Accounts Receivable - Trade PMR,,,,3000000.0,,,,,,,,,,,,,,,,,,,,,,,
6_Disclosures,Business Segment Disclosure - Accounts Receivable - Variable Interest Entity Primary Beneficiary,,,,,,,169000000.0,39000000.0,31000000.0,,,,,,,,,,,,,,,,,,
6_Disclosures,"Business Segment Disclosure - Accounts Receivable, Credit Loss Expense (Reversal) - Brokerage Related Receivables",5000000.0,5000000.0,3000000.0,9000000.0,11000000.0,5000000.0,6000000.0,4000000.0,6000000.0,4000000.0,3000000.0,6000000.0,9000000.0,,,,,,,,,,,,,,
6_Disclosures,Business Segment Disclosure - Assets - Indefinite Lived Intangible Assets Foreign Currency Translation Gain Loss,,-1000000.0,2000000.0,,,,,,,,,,,,,,,,,,,,,,,,
6_Disclosures,Business Segment Disclosure - Income - Common Class A,304000000.0,,,,291000000.0,,,,,,,,,,,,,,,,,,,,,,
6_Disclosures,Business Segment Disclosure - Income - Common Class B,42000000.0,,,,45000000.0,,,,,,,,,,,,,,,,,,,,,,
6_Disclosures,Business Segment Disclosure - Income - Interest Income Other,,,,,,,,,,,,,,19000000.0,,2000000.0,1000000.0,-50000.0,853000.0,0.0,1000000.0,-2259000.0,743000.0,526000.0,1990000.0,,
6_Disclosures,Business Segment Disclosure - Income - Other Comprehensive Income Loss Cash Flow Hedge Gain Loss After Reclassification And Tax,,,,,,0.0,0.0,2000000.0,1000000.0,1000000.0,-1000000.0,-3000000.0,0.0,,,,,,,,,,,,,,
6_Disclosures,Business Segment Disclosure - Income - Other Comprehensive Income Loss Cash Flow Hedge Gain Loss Before Reclassification After Tax,,,,,,0.0,0.0,0.0,-1000000.0,0.0,-1000000.0,-3000000.0,0.0,0.0,0.0,0.0,0.0,,,,,,,,,,
6_Disclosures,Business Segment Disclosure - Income - Other Comprehensive Income Loss Cash Flow Hedge Gain Loss Reclassification After Tax,,0.0,0.0,0.0,0.0,0.0,0.0,-2000000.0,-1000000.0,-1000000.0,0.0,0.0,0.0,,,,,,,,,,,,,,
6_Disclosures,Business Segment Disclosure - Net Income (CF) - Common Class A,307000000.0,529000000.0,485000000.0,336000000.0,291000000.0,789000000.0,129000000.0,162000000.0,134000000.0,25000000.0,-73000000.0,21000000.0,-438000000.0,-292000000.0,,-252000000.0,-334000000.0,,,,,,,,,,
6_Disclosures,Business Segment Disclosure - Net Income (CF) - Common Class B,43000000.0,76000000.0,71000000.0,50000000.0,45000000.0,127000000.0,21000000.0,26000000.0,23000000.0,5000000.0,-12000000.0,4000000.0,-73000000.0,-49000000.0,,-43000000.0,-58000000.0,,,,,,,,,,
6_Disclosures,Business Segment Disclosure - Net Income - Common Class A,307000000.0,529000000.0,485000000.0,336000000.0,291000000.0,789000000.0,129000000.0,162000000.0,134000000.0,25000000.0,-73000000.0,21000000.0,-438000000.0,-292000000.0,,-252000000.0,-334000000.0,,,,,,,,,,
6_Disclosures,Business Segment Disclosure - Net Income - Common Class B,43000000.0,76000000.0,71000000.0,50000000.0,45000000.0,127000000.0,21000000.0,26000000.0,23000000.0,5000000.0,-12000000.0,4000000.0,-73000000.0,-49000000.0,,-43000000.0,-58000000.0,,,,,,,,,,
6_Disclosures,Business Segment Disclosure - Net Income - Net Income Loss Attributable To Redeemable Noncontrolling Interest,-4000000.0,,,,0.0,,,,,,,,,,,,,,,,,,,,,,
6_Disclosures,Business Segment Disclosure - Net Income - Net Income Loss Available To Common Stockholders Diluted,350000000.0,605000000.0,556000000.0,386000000.0,336000000.0,916000000.0,150000000.0,188000000.0,157000000.0,30000000.0,-85000000.0,25000000.0,-511000000.0,-166000000.0,-175000000.0,-295000000.0,-392000000.0,-423000000.0,-1317000000.0,-502000000.0,-1445000000.0,8579000.0,-10661000.0,22783000.0,-20733000.0,,
6_Disclosures,Business Segment Disclosure - Share Repurchases - Common Class A,250000000.0,100000000.0,107000000.0,124000000.0,322000000.0,,97000000.0,,,,,,,,,,,,,,,,,,,,
6_Disclosures,Business Segment Disclosure - Shares Outstanding Diluted - Common Class A,915038823.0,918781846.0,917940660.0,909127658.0,909241619.0,906171504.0,905544750.0,904490572.0,895779155.0,763580698.0,767981843.0,921269749.0,769223564.0,750681627.0,,746918055.0,,,,,,,,,,,
6_Disclosures,Business Segment Disclosure - Shares Outstanding Diluted - Common Class B,110291650.0,114397702.0,113107223.0,115227482.0,117429378.0,122900101.0,122176598.0,123610353.0,125821996.0,127276961.0,127126947.0,127421059.0,127701131.0,127948397.0,,127955246.0,,,,,,,,,,,
6_Disclosures,Business Segment Disclosure - Stock-Based Compensation - April2022Restructuring - General And Administrative Expense - Time Based Restricted Stock Units RS Us - Workforce Reduction,,,,,,,,,,,,,,,28000000.0,6000000.0,0.0,,,,,,,,,,
6_Disclosures,Business Segment Disclosure - Stock-Based Compensation - April2022Restructuring - General And Administrative Expense - Workforce Reduction,,,,,,,,,,,,,,,28000000.0,6000000.0,,,,,,,,,,,
6_Disclosures,Business Segment Disclosure - Stock-Based Compensation - April2022Restructuring - Technology And Development Expense - Time Based Restricted Stock Units RS Us - Workforce Reduction,,,,,,,,,,,,,,,22000000.0,16000000.0,0.0,,,,,,,,,,
6_Disclosures,Business Segment Disclosure - Stock-Based Compensation - April2022Restructuring - Technology And Development Expense - Workforce Reduction,,,,,,,,,,,,,,,22000000.0,16000000.0,,,,,,,,,,,
6_Disclosures,Business Segment Disclosure - Stock-Based Compensation - April2022Restructuring - Workforce Reduction,,,,,,,,,,,,,,,53000000.0,24000000.0,0.0,,,,,,,,,,
6_Disclosures,Business Segment Disclosure - Stock-Based Compensation - August2022Restructuring - Workforce Reduction,,,,,,,,,,,,,,,53000000.0,,,,,,,,,,,,
6_Disclosures,Business Segment Disclosure - Stock-Based Compensation - Brokerage And Transaction Expense,3000000.0,3000000.0,2000000.0,3000000.0,2000000.0,2000000.0,2000000.0,3000000.0,2000000.0,1000000.0,2000000.0,2000000.0,2000000.0,1000000.0,2000000.0,1000000.0,1000000.0,1000000.0,6000000.0,0.0,0.0,,6000.0,6000.0,6000.0,,
6_Disclosures,Business Segment Disclosure - Stock-Based Compensation - Employee Share Purchase Plan2021,,,,,,,,,,,,,,2000000.0,2000000.0,3000000.0,4000000.0,,2000000.0,0.0,0.0,,,,,,
6_Disclosures,Business Segment Disclosure - Stock-Based Compensation - Employee Stock Option,,,,,,,,,,,,,,1000000.0,2000000.0,1000000.0,2000000.0,,1000000.0,1000000.0,0.0,0.0,0.0,,,,
6_Disclosures,Business Segment Disclosure - Stock-Based Compensation - General And Administrative Expense,46000000.0,33000000.0,33000000.0,32000000.0,24000000.0,23000000.0,25000000.0,28000000.0,12000000.0,26000000.0,26000000.0,49000000.0,539000000.0,109000000.0,83000000.0,105000000.0,128000000.0,199000000.0,678000000.0,0.0,8000000.0,3280000.0,528000.0,520000.0,672000.0,,
6_Disclosures,Business Segment Disclosure - Stock-Based Compensation - General And Administrative Expense - Market Based Restricted Stock Units RS Us,,,,,,,,,,0.0,0.0,0.0,485000000.0,,,,,,,,,,,,,,
6_Disclosures,Business Segment Disclosure - Stock-Based Compensation - Market Based Restricted Stock Units RS Us,,,,,,0.0,0.0,1000000.0,-9000000.0,4000000.0,10000000.0,25000000.0,528000000.0,78000000.0,79000000.0,82000000.0,84000000.0,141200000.0,360000000.0,0.0,0.0,0.0,0.0,,,,
6_Disclosures,Business Segment Disclosure - Stock-Based Compensation - Operating Expense,1000000.0,2000000.0,1000000.0,2000000.0,1000000.0,2000000.0,1000000.0,2000000.0,2000000.0,2000000.0,3000000.0,1000000.0,2000000.0,3000000.0,0.0,1000000.0,4000000.0,4000000.0,16000000.0,0.0,0.0,,5000.0,8000.0,10000.0,,
6_Disclosures,Business Segment Disclosure - Stock-Based Compensation - Selling And Marketing Expense,2000000.0,2000000.0,2000000.0,2000000.0,2000000.0,2000000.0,3000000.0,1000000.0,2000000.0,2000000.0,1000000.0,1000000.0,1000000.0,1000000.0,0.0,-2000000.0,5000000.0,9000000.0,41000000.0,0.0,0.0,945000.0,40000.0,7000.0,8000.0,,
6_Disclosures,Business Segment Disclosure - Stock-Based Compensation - Technology And Development Expense,40000000.0,36000000.0,40000000.0,39000000.0,44000000.0,48000000.0,48000000.0,52000000.0,44000000.0,50000000.0,51000000.0,56000000.0,54000000.0,46000000.0,25000000.0,59000000.0,82000000.0,105000000.0,503000000.0,1000000.0,1000000.0,14468000.0,992000.0,824000.0,1716000.0,,
6_Disclosures,Business Segment Disclosure - Stock-Based Compensation - Time Based Restricted Stock Units RS Us,74000000.0,73000000.0,75000000.0,75000000.0,70000000.0,75000000.0,76000000.0,81000000.0,68000000.0,74000000.0,70000000.0,81000000.0,67000000.0,79000000.0,27000000.0,78000000.0,130000000.0,161000000.0,881000000.0,0.0,0.0,0.0,0.0,,,,
6_Disclosures,Income - Accumulated Gain Loss Net Cash Flow Hedge Parent,,,,,,,0.0,2000000.0,1000000.0,1000000.0,-1000000.0,-3000000.0,0.0,,0.0,0.0,0.0,,,,,,,,,,
6_Disclosures,Income - Accumulated Other Comprehensive Income,-6000000.0,1000000.0,0.0,7000000.0,1000000.0,-2000000.0,1000000.0,2000000.0,1000000.0,,,,,,,,,,,,,,,,,,
6_Disclosures,Income - Accumulated Translation Adjustment,,,,,,,1000000.0,,,,0.0,,,,,,,,,,,,,,,,
6_Disclosures,Income - Aoci Including Portion Attributable To Noncontrolling Interest,,,,,,-2000000.0,1000000.0,2000000.0,1000000.0,1000000.0,-1000000.0,-3000000.0,0.0,1000000.0,-1000000.0,0.0,-1000000.0,22000.0,-142000.0,23000.0,29000.0,264000.0,194000.0,-42000.0,-132000.0,,
6_Disclosures,Income - Comprehensive Income Net Of Tax,344000000.0,606000000.0,556000000.0,393000000.0,337000000.0,914000000.0,151000000.0,190000000.0,158000000.0,31000000.0,-86000000.0,22000000.0,-511000000.0,-165000000.0,-176000000.0,-295000000.0,-393000000.0,-423000000.0,-1317000000.0,-502000000.0,-1445000000.0,12559000.0,-10467000.0,57542000.0,-52634000.0,,
6_Disclosures,Income - Effective Income Tax Rate Continuing Operations,0.158,-0.237,0.123,0.127,0.094,-0.393,0.019,0.018,0.03,0.0009999999999999992,-0.127,-0.157,-0.005,0.003,-0.008,-0.003,-0.003,-0.001,0.037,-0.082,-0.008,0.35000000000000003,0.03,0.009,0.07200000000000001,,
6_Disclosures,Income - Effective Income Tax Rate Reconciliation Regulatory Settlements Percent,,,,,,-0.007,,,,-0.046,,,,-0.003,,,,-0.117,,,,0.0,,,,,
6_Disclosures,Income - Noncontrolling Interest,-4000000.0,,,,,,,,,,,,,,,,,,,,,,,,,,
6_Disclosures,Income - Other Comprehensive Income Foreign Currency Transaction And Translation Adjustment Net Of Tax Portion Attributable To Parent,-6000000.0,1000000.0,0.0,7000000.0,1000000.0,-2000000.0,1000000.0,0.0,0.0,0.0,0.0,0.0,0.0,1000000.0,-1000000.0,0.0,-1000000.0,0.0,0.0,0.0,0.0,-20000.0,194000.0,-42000.0,-132000.0,,
6_Disclosures,Income - Other Comprehensive Income Loss Net Of Tax Portion Attributable To Parent,-6000000.0,1000000.0,0.0,7000000.0,1000000.0,-2000000.0,1000000.0,2000000.0,1000000.0,1000000.0,-1000000.0,-3000000.0,0.0,1000000.0,-1000000.0,0.0,-1000000.0,0.0,0.0,0.0,0.0,-20000.0,194000.0,-42000.0,-132000.0,,
6_Disclosures,Income - Retained Earnings,350000000.0,,,,336000000.0,,,,,,,,,,,,,,,,,,,,,,
6_Disclosures,Operating Lease Liability - Right Of Use Asset Obtained In Exchange For Operating Lease Liability Including Modification,5000000.0,91000000.0,1000000.0,5000000.0,9000000.0,37000000.0,0.0,-1000000.0,6000000.0,-8000000.0,0.0,0.0,0.0,0.0,0.0,0.0,32000000.0,0.0,65000000.0,23000000.0,9000000.0,11009000.0,89000.0,,,,
6_Disclosures,Useful Life - Bitstamp - Customer Relationships - Intangibles,,,,18.0,,,,,,,,,,,,,,,,,,,,,,,
6_Disclosures,Useful Life - Bitstamp - Developed Technology Rights - Intangibles,,,,6.0,,,,,,,,,,,,,,,,,,,,,,,
6_Disclosures,Useful Life - Bitstamp - Intangibles - Trade Names,,,,2.0,,,,,,,,,,,,,,,,,,,,,,,
6_Disclosures,Useful Life - Computer Equipment - PPE,,3.0,,,,3.0,,,,3.0,,,,,,,,,,,,,,,,,
6_Disclosures,Useful Life - Customer Relationships - Intangibles,11.416666666666666,11.583333333333334,11.833333333333334,12.083333333333334,11.75,4.666666666666667,,,,7.0,7.25,,,8.583333333333334,,,,,,,,,,,,,
6_Disclosures,Useful Life - Customer Relationships - Intangibles - Robinhood Credit,,,,,,,,,,,,7.0,,,,,,,,,,,,,,,
6_Disclosures,Useful Life - Customer Relationships - Intangibles - Trade PMR,,,,,13.0,,,,,,,,,,,,,,,,,,,,,,
6_Disclosures,Useful Life - Developed Technology Rights - Intangibles,4.166666666666667,4.333333333333333,4.583333333333333,4.333333333333333,4.0,2.5833333333333335,,,,2.9166666666666665,3.0833333333333335,,,,,,,,,,,,,,,,
6_Disclosures,Useful Life - Developed Technology Rights - Intangibles - Robinhood Credit,,,,,,,,,,,,4.0,,,,,,,,,,,,,,,
6_Disclosures,Useful Life - Developed Technology Rights - Intangibles - Trade PMR,,,,,5.0,,,,,,,,,,,,,,,,,,,,,,
6_Disclosures,Useful Life - Furniture And Fixtures - PPE,,7.0,,,,7.0,,,,7.0,,,,,,,,,,,,,,,,,
6_Disclosures,Useful Life - Intangibles - Robinhood Credit - Trade Names,,,,,,,,,,,,1.0,,,,,,,,,,,,,,,
6_Disclosures,Useful Life - Intangibles - Trade Names,2.1666666666666665,2.4166666666666665,2.5833333333333335,2.8333333333333335,3.9166666666666665,,,,,,,,,,,,,,,,,,,,,,
6_Disclosures,Useful Life - Intangibles - Trade Names - Trade PMR,,,,,4.0,,,,,,,,,,,,,,,,,,,,,,
6_Disclosures,Useful Life - PPE - Software Development,,3.0,,,,3.0,,,,3.0,,,,,,,,,,,,,,,,,
7_Concentration_Risk,Customer Concentration % - B2C2 - Customer Concentration Risk - Sales Revenue,,,,,,,,,,,,0.02,,,,0.1,,,,0.0,,,,,,,
7_Concentration_Risk,Customer Concentration % - B2C2USA Inc - Customer Concentration Risk - Sales Revenue,0.0,,,,0.12,,,,,,,,,,,,,,,,,,,,,,
7_Concentration_Risk,Customer Concentration % - B2C2USA Inc. - Customer Concentration Risk - Sales Revenue,,,,,0.12,,,,0.03,,,,,,,,,,,,,,,,,,
7_Concentration_Risk,Customer Concentration % - Citadel Securities LLC - Customer Concentration Risk - Sales Revenue,0.15,0.13,0.13,0.13,0.12,0.12,0.14,0.12,0.12,0.12,0.11,0.12,0.13,0.16,0.12,0.19,0.22,0.22,0.23,0.15,0.27,0.34,0.33,0.36,,0.29,
7_Concentration_Risk,Customer Concentration % - Customer Concentration Risk - Jane Street Group - Sales Revenue,,,,,,,,,,,,,,,,0.07,,,,0.12,,,,0.01,,,
7_Concentration_Risk,Customer Concentration % - Customer Concentration Risk - Other Customer - Sales Revenue,0.33,0.36,0.41,0.39,0.28,0.34,0.36,0.34,0.27,0.26,0.26,0.26,0.32,0.43,0.44,0.25,0.28,0.18,0.16,0.14,0.33,0.13,0.13,0.1,,0.08,
7_Concentration_Risk,Customer Concentration % - Customer Concentration Risk - Sales Revenue - Susquehanna International Group LLP,,,,,,,,,,0.02,,0.03,0.05,0.08,0.06,0.09,0.12,0.12,0.13,0.09,0.12,0.18,0.18,0.21,,0.13,
7_Concentration_Risk,Customer Concentration % - Customer Concentration Risk - Sales Revenue - Tai Mo Shan Limited,,,,,,,,,,0.01,,,,0.03,0.02,0.03,,0.15,0.08,0.29,,0.0,0.01,0.01,,0.0,
7_Concentration_Risk,Customer Concentration % - Customer Concentration Risk - Sales Revenue - Total As Percentage Of Total,0.48,0.55,0.54,0.52,0.63,0.56,0.5,0.46,0.52,0.4,0.37,0.38,0.45,0.59,0.56,0.63,0.72,0.77,0.73,0.79,0.81,0.75,0.75,0.77,,0.62,
7_Concentration_Risk,Customer Concentration % - Customer Concentration Risk - Sales Revenue - Wintermute Trading Ltd,0.0,0.06,,,0.11,0.1,,,0.1,0.02,,,0.0,0.0,,,,,,,,,,,,,
7_Concentration_Risk,Customer Concentration % - Customer Concentration Risk - Sales Revenue - Wolverine Holdings LP,,,,,,,,,,0.06,,,0.05,0.08,0.06,,0.1,0.1,0.13,0.08,0.09,0.1,0.1,0.08,,0.12,
8_Integrity_Checks,Metric: Balance Sheet Closure Verified,1.0,1.0,1.0,1.0,1.0,1.0,1.0,1.0,1.0,1.0,1.0,1.0,1.0,1.0,1.0,1.0,1.0,1.0,1.0,0.0,,0.0,,,,,
8_Integrity_Checks,Metric: Balance Sheet Footing Verified,1.0,1.0,1.0,1.0,1.0,1.0,1.0,1.0,1.0,1.0,1.0,1.0,1.0,1.0,1.0,1.0,1.0,1.0,1.0,0.0,,0.0,,,,1.0,
8_Integrity_Checks,Metric: Cash Flow Footing Verified,1.0,1.0,1.0,1.0,1.0,1.0,1.0,1.0,1.0,1.0,1.0,1.0,1.0,1.0,1.0,1.0,1.0,1.0,1.0,1.0,1.0,1.0,1.0,1.0,,1.0,
8_Integrity_Checks,Metric: Financials Footing Verified,1.0,1.0,1.0,1.0,1.0,1.0,1.0,1.0,1.0,1.0,1.0,1.0,1.0,1.0,1.0,1.0,1.0,1.0,1.0,0.0,1.0,0.0,1.0,1.0,1.0,1.0,
8_Integrity_Checks,Metric: Income Statement Footing Verified,1.0,1.0,1.0,1.0,1.0,1.0,1.0,1.0,1.0,1.0,1.0,1.0,1.0,1.0,1.0,1.0,1.0,1.0,1.0,1.0,1.0,1.0,1.0,1.0,1.0,,
8_Integrity_Checks,Metric: Segment Revenue Footing Basis Code,-1.0,2.0,2.0,2.0,-1.0,2.0,2.0,2.0,2.0,2.0,2.0,2.0,2.0,2.0,2.0,2.0,2.0,2.0,2.0,2.0,2.0,2.0,2.0,2.0,2.0,,
8_Integrity_Checks,Metric: Segment Revenue Footing Error %,77.69447047797563,,,,72.49190938511327,,,,,,,,,,,,,,,,,,,,,,
